{"classification_acc": 87.36000180244446, "yolo_map": 0.9655298503004187, "yolov8_seg_map": 0.9584898719769138}